{"cameraMode":{"drawMode":0,"name":"Shaded","section":"Shading Mode"},"sceneLighting":false,"audioPlay":false,"sceneViewState":{"m_AlwaysRefresh":false,"showFog":true,"showSkybox":false,"showFlares":true,"showImageEffects":true,"showParticleSystems":true,"showVisualEffectGraphs":true,"m_FxEnabled":true},"in2DMode":false,"pivot":{"x":-0.06882524490356446,"y":6.301741123199463,"z":-0.08823341131210327},"rotation":{"x":0.09195855259895325,"y":0.8919578790664673,"z":-0.21062949299812318,"w":0.38938483595848086},"size":6.985934257507324,"orthographic":false}