{"cameraMode":{"drawMode":0,"name":"Shaded","section":"Shading Mode"},"sceneLighting":true,"audioPlay":false,"sceneViewState":{"m_AlwaysRefresh":false,"showFog":true,"showSkybox":true,"showFlares":true,"showImageEffects":true,"showParticleSystems":true,"showVisualEffectGraphs":true,"m_FxEnabled":false},"in2DMode":false,"pivot":{"x":2.370433807373047,"y":0.7121098041534424,"z":-0.2635157108306885},"rotation":{"x":-0.00986784603446722,"y":0.9695277214050293,"z":-0.039587073028087619,"w":-0.24157869815826417},"size":1.105667233467102,"orthographic":false}