{"cameraMode":{"drawMode":0,"name":"Shaded","section":"Shading Mode"},"sceneLighting":true,"audioPlay":false,"sceneViewState":{"m_AlwaysRefresh":false,"showFog":true,"showSkybox":true,"showFlares":true,"showImageEffects":true,"showParticleSystems":true,"showVisualEffectGraphs":true,"m_FxEnabled":true},"in2DMode":false,"pivot":{"x":52.99955749511719,"y":1.255214810371399,"z":6.999866008758545},"rotation":{"x":0.024155771359801294,"y":-0.9758334755897522,"z":-0.15408360958099366,"w":-0.15318670868873597},"size":0.8660253882408142,"orthographic":false}