{"cameraMode":{"drawMode":0,"name":"Shaded","section":"Shading Mode"},"sceneLighting":false,"audioPlay":false,"sceneViewState":{"m_AlwaysRefresh":false,"showFog":true,"showSkybox":false,"showFlares":true,"showImageEffects":true,"showParticleSystems":true,"showVisualEffectGraphs":true,"m_FxEnabled":false},"in2DMode":false,"pivot":{"x":23.70932388305664,"y":35.022178649902347,"z":-392.1944885253906},"rotation":{"x":-0.0012001341674476863,"y":0.9986619353294373,"z":0.04316205903887749,"w":0.02979230135679245},"size":198.60052490234376,"orthographic":false}