{"cameraMode":{"drawMode":0,"name":"Shaded","section":"Shading Mode"},"sceneLighting":false,"audioPlay":false,"sceneViewState":{"m_AlwaysRefresh":false,"showFog":true,"showSkybox":false,"showFlares":true,"showImageEffects":true,"showParticleSystems":true,"showVisualEffectGraphs":true,"m_FxEnabled":true},"in2DMode":false,"pivot":{"x":-0.28633594512939455,"y":0.04133424907922745,"z":2.602562427520752},"rotation":{"x":0.0002510258636903018,"y":-0.9997439980506897,"z":0.013497973792254925,"w":0.018588906154036523},"size":3.6073946952819826,"orthographic":false}