{"cameraMode":{"drawMode":0,"name":"Shaded","section":"Shading Mode"},"sceneLighting":false,"audioPlay":false,"sceneViewState":{"m_AlwaysRefresh":false,"showFog":true,"showSkybox":false,"showFlares":true,"showImageEffects":true,"showParticleSystems":true,"showVisualEffectGraphs":true,"m_FxEnabled":true},"in2DMode":false,"pivot":{"x":-6.249999523162842,"y":0.06249925494194031,"z":-3.749999761581421},"rotation":{"x":0.18938778340816499,"y":-0.2651761472225189,"z":0.053156957030296329,"w":0.9438958168029785},"size":7.288958549499512,"orthographic":false}