{"cameraMode":{"drawMode":0,"name":"Shaded","section":"Shading Mode"},"sceneLighting":false,"audioPlay":false,"sceneViewState":{"m_AlwaysRefresh":false,"showFog":true,"showSkybox":false,"showFlares":true,"showImageEffects":true,"showParticleSystems":true,"showVisualEffectGraphs":true,"m_FxEnabled":false},"in2DMode":false,"pivot":{"x":0.10513854026794434,"y":0.2509157955646515,"z":0.11738425493240357},"rotation":{"x":0.21726515889167787,"y":-0.768501877784729,"z":0.5011187791824341,"w":0.3332822322845459},"size":1.888372778892517,"orthographic":false}